<?xml version="1.0" encoding="UTF-8" standalone="no"?>
<gameMoves>
      
  
  <gameMove>
            
    
    <playerId>Player1</playerId>
            
    
    <word>Beatles</word>
            
    
    <dateTime>2024-06-25 20:47:10</dateTime>
            
    
    <clickedButtons>
                  
      
      <buttonId>top1LeftLeftButton</buttonId>
                
    
    </clickedButtons>
          
  
  </gameMove>
    
  
  <gameMove>
        
    <playerId>Player1</playerId>
        
    <word>Beatles</word>
        
    <dateTime>2024-06-25 20:48:05</dateTime>
        
    <clickedButtons>
            
      <buttonId>top1LeftLeftButton</buttonId>
            
      <buttonId>top1MiddleLeftLeftButton</buttonId>
          
    </clickedButtons>
      
  </gameMove>
  
  <gameMove>
    <playerId>Player1</playerId>
    <word>Beatles</word>
    <dateTime>2024-09-01 16:46:20</dateTime>
    <clickedButtons>
      <buttonId>top3MiddleRightRightButton</buttonId>
    </clickedButtons>
  </gameMove>
</gameMoves>
